{"layer": "ViTLayer", "alpha": 0.9232063267732628, "alphas_std": 0.08348545094779124, "_runtime": 626, "_timestamp": 1631136783, "_step": 2}