{"layer": "ViTLayer", "alpha": 0.925537329104265, "alphas_std": 0.08629815504185831, "_runtime": 1431, "_timestamp": 1631134570, "_step": 6}